<?xml version="1.0" encoding="UTF-8"?>
<!--GENERATED BY:  Lectora Publisher v.18.1.2(11677) (http://www.trivantis.com) -->
<!--TITLE: D:\Desktop\Policy Brief Toolkit -->

<manifest identifier="CourseID" version="1.2"
          xmlns="http://www.imsproject.org/xsd/imscp_rootv1p1p2"
          xmlns:adlcp="http://www.adlnet.org/xsd/adlcp_rootv1p2"
          xmlns:xsi="http://www.w3.org/2001/XMLSchema-instance"
          xsi:schemaLocation="http://www.imsproject.org/xsd/imscp_rootv1p1p2 imscp_rootv1p1p2.xsd
                              http://www.imsglobal.org/xsd/imsmd_rootv1p2p1 imsmd_rootv1p2p1.xsd
                              http://www.adlnet.org/xsd/adlcp_rootv1p2 adlcp_rootv1p2.xsd" >

  <organizations default="CourseID-org">
    <organization identifier="CourseID-org">
      <title>How to communicate research through policy briefs</title>
      <item identifier="I_A001" identifierref="A001">
        <title>A001</title>
        <adlcp:timelimitaction>continue,no message</adlcp:timelimitaction>
      </item>
      <metadata>
        <schema>ADL SCORM</schema>
        <schemaversion>1.2</schemaversion>
        <adlcp:location>metadata.xml</adlcp:location>
      </metadata>
    </organization>
  </organizations>

  <resources>
    <resource identifier="A001" type="webcontent" adlcp:scormtype="sco" href="a001index.html">
      <file href="a001index.html"/>
      <dependency identifierref="P_10032"/>
      <dependency identifierref="P_10077"/>
      <dependency identifierref="P_10302"/>
      <dependency identifierref="P_10303"/>
      <dependency identifierref="P_10024"/>
      <dependency identifierref="P_11904"/>
      <dependency identifierref="P_11905"/>
      <dependency identifierref="P_11906"/>
      <dependency identifierref="P_11907"/>
      <dependency identifierref="P_13153"/>
      <dependency identifierref="P_13158"/>
      <dependency identifierref="P_13296"/>
      <dependency identifierref="P_13297"/>
      <dependency identifierref="P_13298"/>
      <dependency identifierref="P_27352"/>
      <dependency identifierref="P_16230"/>
      <dependency identifierref="P_16342"/>
      <dependency identifierref="P_16343"/>
      <dependency identifierref="P_16344"/>
      <dependency identifierref="P_16593"/>
      <dependency identifierref="P_16599"/>
      <dependency identifierref="P_16600"/>
      <dependency identifierref="P_16601"/>
      <dependency identifierref="P_16602"/>
      <dependency identifierref="P_16603"/>
      <dependency identifierref="P_16604"/>
      <dependency identifierref="P_16605"/>
      <dependency identifierref="P_13299"/>
      <dependency identifierref="P_13838"/>
      <dependency identifierref="P_14066"/>
      <dependency identifierref="P_22845"/>
      <dependency identifierref="P_13846"/>
      <dependency identifierref="P_14160"/>
      <dependency identifierref="P_13852"/>
      <dependency identifierref="P_13854"/>
      <dependency identifierref="R_images"/>
      <dependency identifierref="F_6304"/>
      <dependency identifierref="S_TOCIcons"/>
      <dependency identifierref="S_TOCFiles"/>
      <dependency identifierref="S_DLGFiles"/>
      <dependency identifierref="S_ScrollFiles"/>
      <dependency identifierref="S_SCORMFiles"/>
      <dependency identifierref="S_BaseFiles"/>
    </resource>
    <resource identifier="P_10032" type="webcontent" adlcp:scormtype="asset">
      <file href="page10032.html"/>
      <dependency identifierref="P_10077"/>
      <dependency identifierref="P_10302"/>
      <dependency identifierref="P_10303"/>
      <dependency identifierref="P_10024"/>
      <dependency identifierref="P_11904"/>
      <dependency identifierref="P_11905"/>
      <dependency identifierref="P_11906"/>
      <dependency identifierref="P_11907"/>
      <dependency identifierref="P_13153"/>
      <dependency identifierref="P_13158"/>
      <dependency identifierref="P_13296"/>
      <dependency identifierref="P_13297"/>
      <dependency identifierref="P_13298"/>
      <dependency identifierref="P_27352"/>
      <dependency identifierref="P_16230"/>
      <dependency identifierref="P_16342"/>
      <dependency identifierref="P_16343"/>
      <dependency identifierref="P_16344"/>
      <dependency identifierref="P_16593"/>
      <dependency identifierref="P_16599"/>
      <dependency identifierref="P_16600"/>
      <dependency identifierref="P_16601"/>
      <dependency identifierref="P_16602"/>
      <dependency identifierref="P_16603"/>
      <dependency identifierref="P_16604"/>
      <dependency identifierref="P_16605"/>
      <dependency identifierref="P_13299"/>
      <dependency identifierref="P_13838"/>
      <dependency identifierref="P_14066"/>
      <dependency identifierref="P_22845"/>
      <dependency identifierref="P_13846"/>
      <dependency identifierref="P_14160"/>
      <dependency identifierref="P_13852"/>
      <dependency identifierref="P_13854"/>
      <dependency identifierref="R_images"/>
      <dependency identifierref="F_6304"/>
      <dependency identifierref="S_TOCIcons"/>
      <dependency identifierref="S_TOCFiles"/>
      <dependency identifierref="S_DLGFiles"/>
      <dependency identifierref="S_ScrollFiles"/>
      <dependency identifierref="S_SCORMFiles"/>
      <dependency identifierref="S_BaseFiles"/>
    </resource>
    <resource identifier="P_10077" type="webcontent" adlcp:scormtype="asset">
      <file href="page10077.html"/>
      <dependency identifierref="R_images"/>
      <dependency identifierref="F_6304"/>
      <dependency identifierref="S_TOCIcons"/>
      <dependency identifierref="S_TOCFiles"/>
      <dependency identifierref="S_ScrollFiles"/>
      <dependency identifierref="S_SCORMFiles"/>
      <dependency identifierref="S_BaseFiles"/>
    </resource>
    <resource identifier="P_10302" type="webcontent" adlcp:scormtype="asset">
      <file href="page10302.html"/>
      <dependency identifierref="R_images"/>
      <dependency identifierref="F_6304"/>
      <dependency identifierref="S_TOCIcons"/>
      <dependency identifierref="S_TOCFiles"/>
      <dependency identifierref="S_ScrollFiles"/>
      <dependency identifierref="S_SCORMFiles"/>
      <dependency identifierref="S_BaseFiles"/>
    </resource>
    <resource identifier="P_10303" type="webcontent" adlcp:scormtype="asset">
      <file href="page10303.html"/>
      <dependency identifierref="R_images"/>
      <dependency identifierref="F_6304"/>
      <dependency identifierref="S_TOCIcons"/>
      <dependency identifierref="S_TOCFiles"/>
      <dependency identifierref="S_ScrollFiles"/>
      <dependency identifierref="S_SCORMFiles"/>
      <dependency identifierref="S_BaseFiles"/>
    </resource>
    <resource identifier="P_10024" type="webcontent" adlcp:scormtype="asset">
      <file href="page10024.html"/>
      <dependency identifierref="R_images"/>
      <dependency identifierref="F_6304"/>
      <dependency identifierref="S_TOCIcons"/>
      <dependency identifierref="S_TOCFiles"/>
      <dependency identifierref="S_ScrollFiles"/>
      <dependency identifierref="S_SCORMFiles"/>
      <dependency identifierref="S_BaseFiles"/>
    </resource>
    <resource identifier="P_11904" type="webcontent" adlcp:scormtype="asset">
      <file href="page11904.html"/>
      <dependency identifierref="R_images"/>
      <dependency identifierref="F_6304"/>
      <dependency identifierref="S_TOCIcons"/>
      <dependency identifierref="S_TOCFiles"/>
      <dependency identifierref="S_ScrollFiles"/>
      <dependency identifierref="S_SCORMFiles"/>
      <dependency identifierref="S_BaseFiles"/>
    </resource>
    <resource identifier="P_11905" type="webcontent" adlcp:scormtype="asset">
      <file href="page11905.html"/>
      <dependency identifierref="R_images"/>
      <dependency identifierref="F_6304"/>
      <dependency identifierref="S_TOCIcons"/>
      <dependency identifierref="S_TOCFiles"/>
      <dependency identifierref="S_ScrollFiles"/>
      <dependency identifierref="S_SCORMFiles"/>
      <dependency identifierref="S_BaseFiles"/>
    </resource>
    <resource identifier="P_11906" type="webcontent" adlcp:scormtype="asset">
      <file href="page11906.html"/>
      <dependency identifierref="R_images"/>
      <dependency identifierref="F_6304"/>
      <dependency identifierref="S_TOCIcons"/>
      <dependency identifierref="S_TOCFiles"/>
      <dependency identifierref="S_ScrollFiles"/>
      <dependency identifierref="S_SCORMFiles"/>
      <dependency identifierref="S_BaseFiles"/>
    </resource>
    <resource identifier="P_11907" type="webcontent" adlcp:scormtype="asset">
      <file href="page11907.html"/>
      <dependency identifierref="R_images"/>
      <dependency identifierref="F_6304"/>
      <dependency identifierref="S_TOCIcons"/>
      <dependency identifierref="S_TOCFiles"/>
      <dependency identifierref="S_ScrollFiles"/>
      <dependency identifierref="S_SCORMFiles"/>
      <dependency identifierref="S_BaseFiles"/>
    </resource>
    <resource identifier="P_13153" type="webcontent" adlcp:scormtype="asset">
      <file href="page13153.html"/>
      <dependency identifierref="R_images"/>
      <dependency identifierref="F_6304"/>
      <dependency identifierref="S_TOCIcons"/>
      <dependency identifierref="S_TOCFiles"/>
      <dependency identifierref="S_ScrollFiles"/>
      <dependency identifierref="S_SCORMFiles"/>
      <dependency identifierref="S_BaseFiles"/>
    </resource>
    <resource identifier="P_13158" type="webcontent" adlcp:scormtype="asset">
      <file href="page13158.html"/>
      <dependency identifierref="R_images"/>
      <dependency identifierref="F_6304"/>
      <dependency identifierref="S_TOCIcons"/>
      <dependency identifierref="S_TOCFiles"/>
      <dependency identifierref="S_ScrollFiles"/>
      <dependency identifierref="S_SCORMFiles"/>
      <dependency identifierref="S_BaseFiles"/>
    </resource>
    <resource identifier="P_13296" type="webcontent" adlcp:scormtype="asset">
      <file href="page13296.html"/>
      <dependency identifierref="R_images"/>
      <dependency identifierref="F_6304"/>
      <dependency identifierref="S_TOCIcons"/>
      <dependency identifierref="S_TOCFiles"/>
      <dependency identifierref="S_ScrollFiles"/>
      <dependency identifierref="S_SCORMFiles"/>
      <dependency identifierref="S_BaseFiles"/>
    </resource>
    <resource identifier="P_13297" type="webcontent" adlcp:scormtype="asset">
      <file href="page13297.html"/>
      <dependency identifierref="R_images"/>
      <dependency identifierref="F_6304"/>
      <dependency identifierref="S_TOCIcons"/>
      <dependency identifierref="S_TOCFiles"/>
      <dependency identifierref="S_ScrollFiles"/>
      <dependency identifierref="S_SCORMFiles"/>
      <dependency identifierref="S_BaseFiles"/>
    </resource>
    <resource identifier="P_13298" type="webcontent" adlcp:scormtype="asset">
      <file href="page13298.html"/>
      <dependency identifierref="R_images"/>
      <dependency identifierref="F_6304"/>
      <dependency identifierref="S_TOCIcons"/>
      <dependency identifierref="S_TOCFiles"/>
      <dependency identifierref="S_ScrollFiles"/>
      <dependency identifierref="S_SCORMFiles"/>
      <dependency identifierref="S_BaseFiles"/>
    </resource>
    <resource identifier="P_27352" type="webcontent" adlcp:scormtype="asset">
      <file href="page27352.html"/>
      <dependency identifierref="R_images"/>
      <dependency identifierref="F_6304"/>
      <dependency identifierref="S_TOCIcons"/>
      <dependency identifierref="S_TOCFiles"/>
      <dependency identifierref="S_ScrollFiles"/>
      <dependency identifierref="S_SCORMFiles"/>
      <dependency identifierref="S_BaseFiles"/>
    </resource>
    <resource identifier="P_16230" type="webcontent" adlcp:scormtype="asset">
      <file href="page16230.html"/>
      <dependency identifierref="R_images"/>
      <dependency identifierref="F_6304"/>
      <dependency identifierref="S_TOCIcons"/>
      <dependency identifierref="S_TOCFiles"/>
      <dependency identifierref="S_ScrollFiles"/>
      <dependency identifierref="S_SCORMFiles"/>
      <dependency identifierref="S_BaseFiles"/>
    </resource>
    <resource identifier="P_16342" type="webcontent" adlcp:scormtype="asset">
      <file href="page16342.html"/>
      <dependency identifierref="R_images"/>
      <dependency identifierref="F_6304"/>
      <dependency identifierref="S_TOCIcons"/>
      <dependency identifierref="S_TOCFiles"/>
      <dependency identifierref="S_ScrollFiles"/>
      <dependency identifierref="S_SCORMFiles"/>
      <dependency identifierref="S_BaseFiles"/>
    </resource>
    <resource identifier="P_16343" type="webcontent" adlcp:scormtype="asset">
      <file href="page16343.html"/>
      <dependency identifierref="R_images"/>
      <dependency identifierref="F_6304"/>
      <dependency identifierref="S_TOCIcons"/>
      <dependency identifierref="S_TOCFiles"/>
      <dependency identifierref="S_ScrollFiles"/>
      <dependency identifierref="S_SCORMFiles"/>
      <dependency identifierref="S_BaseFiles"/>
    </resource>
    <resource identifier="P_16344" type="webcontent" adlcp:scormtype="asset">
      <file href="page16344.html"/>
      <dependency identifierref="R_images"/>
      <dependency identifierref="F_6304"/>
      <dependency identifierref="S_TOCIcons"/>
      <dependency identifierref="S_TOCFiles"/>
      <dependency identifierref="S_ScrollFiles"/>
      <dependency identifierref="S_SCORMFiles"/>
      <dependency identifierref="S_BaseFiles"/>
    </resource>
    <resource identifier="P_16593" type="webcontent" adlcp:scormtype="asset">
      <file href="page16593.html"/>
      <dependency identifierref="R_images"/>
      <dependency identifierref="F_6304"/>
      <dependency identifierref="S_TOCIcons"/>
      <dependency identifierref="S_TOCFiles"/>
      <dependency identifierref="S_ScrollFiles"/>
      <dependency identifierref="S_SCORMFiles"/>
      <dependency identifierref="S_BaseFiles"/>
    </resource>
    <resource identifier="P_16599" type="webcontent" adlcp:scormtype="asset">
      <file href="page16599.html"/>
      <dependency identifierref="R_images"/>
      <dependency identifierref="F_6304"/>
      <dependency identifierref="S_TOCIcons"/>
      <dependency identifierref="S_TOCFiles"/>
      <dependency identifierref="S_ScrollFiles"/>
      <dependency identifierref="S_SCORMFiles"/>
      <dependency identifierref="S_BaseFiles"/>
    </resource>
    <resource identifier="P_16600" type="webcontent" adlcp:scormtype="asset">
      <file href="page16600.html"/>
      <dependency identifierref="R_images"/>
      <dependency identifierref="F_6304"/>
      <dependency identifierref="S_TOCIcons"/>
      <dependency identifierref="S_TOCFiles"/>
      <dependency identifierref="S_ScrollFiles"/>
      <dependency identifierref="S_SCORMFiles"/>
      <dependency identifierref="S_BaseFiles"/>
    </resource>
    <resource identifier="P_16601" type="webcontent" adlcp:scormtype="asset">
      <file href="page16601.html"/>
      <dependency identifierref="R_images"/>
      <dependency identifierref="F_6304"/>
      <dependency identifierref="S_TOCIcons"/>
      <dependency identifierref="S_TOCFiles"/>
      <dependency identifierref="S_ScrollFiles"/>
      <dependency identifierref="S_SCORMFiles"/>
      <dependency identifierref="S_BaseFiles"/>
    </resource>
    <resource identifier="P_16602" type="webcontent" adlcp:scormtype="asset">
      <file href="page16602.html"/>
      <dependency identifierref="R_images"/>
      <dependency identifierref="F_6304"/>
      <dependency identifierref="S_TOCIcons"/>
      <dependency identifierref="S_TOCFiles"/>
      <dependency identifierref="S_ScrollFiles"/>
      <dependency identifierref="S_SCORMFiles"/>
      <dependency identifierref="S_BaseFiles"/>
    </resource>
    <resource identifier="P_16603" type="webcontent" adlcp:scormtype="asset">
      <file href="page16603.html"/>
      <dependency identifierref="R_images"/>
      <dependency identifierref="F_6304"/>
      <dependency identifierref="S_TOCIcons"/>
      <dependency identifierref="S_TOCFiles"/>
      <dependency identifierref="S_ScrollFiles"/>
      <dependency identifierref="S_SCORMFiles"/>
      <dependency identifierref="S_BaseFiles"/>
    </resource>
    <resource identifier="P_16604" type="webcontent" adlcp:scormtype="asset">
      <file href="page16604.html"/>
      <dependency identifierref="R_images"/>
      <dependency identifierref="F_6304"/>
      <dependency identifierref="S_TOCIcons"/>
      <dependency identifierref="S_TOCFiles"/>
      <dependency identifierref="S_ScrollFiles"/>
      <dependency identifierref="S_SCORMFiles"/>
      <dependency identifierref="S_BaseFiles"/>
    </resource>
    <resource identifier="P_16605" type="webcontent" adlcp:scormtype="asset">
      <file href="page16605.html"/>
      <dependency identifierref="R_images"/>
      <dependency identifierref="F_6304"/>
      <dependency identifierref="S_TOCIcons"/>
      <dependency identifierref="S_TOCFiles"/>
      <dependency identifierref="S_ScrollFiles"/>
      <dependency identifierref="S_SCORMFiles"/>
      <dependency identifierref="S_BaseFiles"/>
    </resource>
    <resource identifier="P_13299" type="webcontent" adlcp:scormtype="asset">
      <file href="page13299.html"/>
      <dependency identifierref="R_images"/>
      <dependency identifierref="F_6304"/>
      <dependency identifierref="S_TOCIcons"/>
      <dependency identifierref="S_TOCFiles"/>
      <dependency identifierref="S_ScrollFiles"/>
      <dependency identifierref="S_SCORMFiles"/>
      <dependency identifierref="S_BaseFiles"/>
    </resource>
    <resource identifier="P_13838" type="webcontent" adlcp:scormtype="asset">
      <file href="page13838.html"/>
      <dependency identifierref="R_images"/>
      <dependency identifierref="F_6304"/>
      <dependency identifierref="S_TOCIcons"/>
      <dependency identifierref="S_TOCFiles"/>
      <dependency identifierref="S_ScrollFiles"/>
      <dependency identifierref="S_SCORMFiles"/>
      <dependency identifierref="S_BaseFiles"/>
    </resource>
    <resource identifier="P_14066" type="webcontent" adlcp:scormtype="asset">
      <file href="page14066.html"/>
      <dependency identifierref="R_images"/>
      <dependency identifierref="F_6304"/>
      <dependency identifierref="S_TOCIcons"/>
      <dependency identifierref="S_TOCFiles"/>
      <dependency identifierref="S_ScrollFiles"/>
      <dependency identifierref="S_SCORMFiles"/>
      <dependency identifierref="S_BaseFiles"/>
    </resource>
    <resource identifier="P_22845" type="webcontent" adlcp:scormtype="asset">
      <file href="page22845.html"/>
      <dependency identifierref="R_images"/>
      <dependency identifierref="F_6304"/>
      <dependency identifierref="S_TOCIcons"/>
      <dependency identifierref="S_TOCFiles"/>
      <dependency identifierref="S_ScrollFiles"/>
      <dependency identifierref="S_SCORMFiles"/>
      <dependency identifierref="S_BaseFiles"/>
    </resource>
    <resource identifier="P_13846" type="webcontent" adlcp:scormtype="asset">
      <file href="page13846.html"/>
      <dependency identifierref="R_images"/>
      <dependency identifierref="F_6304"/>
      <dependency identifierref="S_TOCIcons"/>
      <dependency identifierref="S_TOCFiles"/>
      <dependency identifierref="S_DLGFiles"/>
      <dependency identifierref="S_ScrollFiles"/>
      <dependency identifierref="S_SCORMFiles"/>
      <dependency identifierref="S_BaseFiles"/>
    </resource>
    <resource identifier="P_14160" type="webcontent" adlcp:scormtype="asset">
      <file href="page14160.html"/>
      <dependency identifierref="R_images"/>
      <dependency identifierref="F_6304"/>
      <dependency identifierref="S_TOCIcons"/>
      <dependency identifierref="S_TOCFiles"/>
      <dependency identifierref="S_ScrollFiles"/>
      <dependency identifierref="S_SCORMFiles"/>
      <dependency identifierref="S_BaseFiles"/>
    </resource>
    <resource identifier="P_13852" type="webcontent" adlcp:scormtype="asset">
      <file href="page13852.html"/>
      <dependency identifierref="R_images"/>
      <dependency identifierref="F_6304"/>
      <dependency identifierref="S_TOCIcons"/>
      <dependency identifierref="S_TOCFiles"/>
      <dependency identifierref="S_ScrollFiles"/>
      <dependency identifierref="S_SCORMFiles"/>
      <dependency identifierref="S_BaseFiles"/>
    </resource>
    <resource identifier="P_13854" type="webcontent" adlcp:scormtype="asset">
      <file href="page13854.html"/>
      <dependency identifierref="R_images"/>
      <dependency identifierref="F_6304"/>
      <dependency identifierref="S_TransButton"/>
      <dependency identifierref="S_TOCIcons"/>
      <dependency identifierref="S_TOCFiles"/>
      <dependency identifierref="S_ScrollFiles"/>
      <dependency identifierref="S_SCORMFiles"/>
      <dependency identifierref="S_BaseFiles"/>
    </resource>
    <resource identifier="R_images" type="webcontent" adlcp:scormtype="asset">
      <file href="images/image0007.png"/>
      <file href="images/image0008.png"/>
      <file href="images/button4670.png"/>
      <file href="images/button4670_over.png"/>
      <file href="images/button4670_down.png"/>
      <file href="images/button4670_disabled.png"/>
      <file href="images/button6428.png"/>
      <file href="images/button6428_over.png"/>
      <file href="images/button6428_down.png"/>
      <file href="images/button6428_disabled.png"/>
      <file href="images/button7184.png"/>
      <file href="images/button7184_over.png"/>
      <file href="images/button7184_down.png"/>
      <file href="images/button7184_disabled.png"/>
      <file href="images/shape10857.png"/>
      <file href="images/shape5926.png"/>
      <file href="images/shape6013.png"/>
      <file href="images/shape7681.png"/>
      <file href="images/shape7722.png"/>
      <file href="images/progress9833.png"/>
      <file href="images/progress9833_bar.png"/>
      <file href="images/TabletLandscape_progress9833.png"/>
      <file href="images/TabletLandscape_progress9833_bar.png"/>
      <file href="images/TabletPortrait_progress9833.png"/>
      <file href="images/TabletPortrait_progress9833_bar.png"/>
      <file href="images/PhoneLandscape_progress9833.png"/>
      <file href="images/PhoneLandscape_progress9833_bar.png"/>
      <file href="images/PhonePortrait_progress9833.png"/>
      <file href="images/PhonePortrait_progress9833_bar.png"/>
      <file href="images/website-64.png"/>
      <file href="images/shape10857.png"/>
      <file href="images/shape5926.png"/>
      <file href="images/shape6013.png"/>
      <file href="images/shape7681.png"/>
      <file href="images/shape7722.png"/>
      <file href="images/image0079.png"/>
      <file href="images/shape10857.png"/>
      <file href="images/shape5926.png"/>
      <file href="images/shape6013.png"/>
      <file href="images/shape7681.png"/>
      <file href="images/shape7722.png"/>
      <file href="images/senior-businessman-sitting-reading-newspaper-office_23-2147923321.jpg"/>
      <file href="images/shape10857.png"/>
      <file href="images/shape5926.png"/>
      <file href="images/shape6013.png"/>
      <file href="images/shape7681.png"/>
      <file href="images/shape7722.png"/>
      <file href="images/image0070.png"/>
      <file href="images/shape10857.png"/>
      <file href="images/shape5926.png"/>
      <file href="images/shape6013.png"/>
      <file href="images/shape7681.png"/>
      <file href="images/shape7722.png"/>
      <file href="images/image0071.png"/>
      <file href="images/shape10857.png"/>
      <file href="images/shape5926.png"/>
      <file href="images/shape6013.png"/>
      <file href="images/shape7681.png"/>
      <file href="images/shape7722.png"/>
      <file href="images/text12114CircleBulletFont9.png"/>
      <file href="images/image0072.png"/>
      <file href="images/image0073.png"/>
      <file href="images/shape10857.png"/>
      <file href="images/shape5926.png"/>
      <file href="images/shape6013.png"/>
      <file href="images/shape7681.png"/>
      <file href="images/shape7722.png"/>
      <file href="images/shape10857.png"/>
      <file href="images/shape5926.png"/>
      <file href="images/shape6013.png"/>
      <file href="images/shape7681.png"/>
      <file href="images/shape7722.png"/>
      <file href="images/image002_13075.jpg"/>
      <file href="images/shape10857.png"/>
      <file href="images/shape5926.png"/>
      <file href="images/shape6013.png"/>
      <file href="images/shape7681.png"/>
      <file href="images/shape7722.png"/>
      <file href="images/shape10857.png"/>
      <file href="images/shape5926.png"/>
      <file href="images/shape6013.png"/>
      <file href="images/shape7681.png"/>
      <file href="images/shape7722.png"/>
      <file href="images/text13163CircleBulletFont11.png"/>
      <file href="images/shape10857.png"/>
      <file href="images/shape5926.png"/>
      <file href="images/shape6013.png"/>
      <file href="images/shape7681.png"/>
      <file href="images/shape7722.png"/>
      <file href="images/text13249CircleBulletFont11.png"/>
      <file href="images/text13249CircleBulletFont11.png"/>
      <file href="images/text13249CircleBulletFont14.png"/>
      <file href="images/image0075.png"/>
      <file href="images/shape10857.png"/>
      <file href="images/shape5926.png"/>
      <file href="images/shape6013.png"/>
      <file href="images/shape7681.png"/>
      <file href="images/shape7722.png"/>
      <file href="images/text13325CircleBulletFont10.png"/>
      <file href="images/text13325CircleBulletFont10.png"/>
      <file href="images/image0076.png"/>
      <file href="images/shape10857.png"/>
      <file href="images/shape5926.png"/>
      <file href="images/shape6013.png"/>
      <file href="images/shape7681.png"/>
      <file href="images/shape7722.png"/>
      <file href="images/image0077.png"/>
      <file href="images/shape10857.png"/>
      <file href="images/shape5926.png"/>
      <file href="images/shape6013.png"/>
      <file href="images/shape7681.png"/>
      <file href="images/shape7722.png"/>
      <file href="images/untitled_design.png"/>
      <file href="images/shape10857.png"/>
      <file href="images/shape5926.png"/>
      <file href="images/shape6013.png"/>
      <file href="images/shape7681.png"/>
      <file href="images/shape7722.png"/>
      <file href="images/screenshot_2024-06-10_at_2.09.23_pmcrop_image16233.png"/>
      <file href="images/shape10857.png"/>
      <file href="images/shape5926.png"/>
      <file href="images/shape6013.png"/>
      <file href="images/shape7681.png"/>
      <file href="images/shape7722.png"/>
      <file href="images/screenshot_2024-06-10_at_2.09.37_pmcrop_image16345.png"/>
      <file href="images/shape10857.png"/>
      <file href="images/shape5926.png"/>
      <file href="images/shape6013.png"/>
      <file href="images/shape7681.png"/>
      <file href="images/shape7722.png"/>
      <file href="images/screenshot_2024-06-10_at_2.09.48_pmcrop_image16352.png"/>
      <file href="images/shape10857.png"/>
      <file href="images/shape5926.png"/>
      <file href="images/shape6013.png"/>
      <file href="images/shape7681.png"/>
      <file href="images/shape7722.png"/>
      <file href="images/screenshot_2024-06-10_at_2.09.55_pmcrop_image16359.png"/>
      <file href="images/shape10857.png"/>
      <file href="images/shape5926.png"/>
      <file href="images/shape6013.png"/>
      <file href="images/shape7681.png"/>
      <file href="images/shape7722.png"/>
      <file href="images/screenshot_2024-06-10_at_2.25.19_pmcrop_image16638.png"/>
      <file href="images/shape10857.png"/>
      <file href="images/shape5926.png"/>
      <file href="images/shape6013.png"/>
      <file href="images/shape7681.png"/>
      <file href="images/shape7722.png"/>
      <file href="images/screenshot_2024-06-10_at_2.25.29_pmcrop_image16645.png"/>
      <file href="images/shape10857.png"/>
      <file href="images/shape5926.png"/>
      <file href="images/shape6013.png"/>
      <file href="images/shape7681.png"/>
      <file href="images/shape7722.png"/>
      <file href="images/screenshot_2024-06-10_at_2.25.35_pmcrop_image16652.png"/>
      <file href="images/shape10857.png"/>
      <file href="images/shape5926.png"/>
      <file href="images/shape6013.png"/>
      <file href="images/shape7681.png"/>
      <file href="images/shape7722.png"/>
      <file href="images/screenshot_2024-06-10_at_2.25.45_pmcrop_image16659.png"/>
      <file href="images/shape10857.png"/>
      <file href="images/shape5926.png"/>
      <file href="images/shape6013.png"/>
      <file href="images/shape7681.png"/>
      <file href="images/shape7722.png"/>
      <file href="images/screenshot_2024-06-10_at_2.26.10_pmcrop_image16666.png"/>
      <file href="images/shape10857.png"/>
      <file href="images/shape5926.png"/>
      <file href="images/shape6013.png"/>
      <file href="images/shape7681.png"/>
      <file href="images/shape7722.png"/>
      <file href="images/screenshot_2024-06-10_at_2.26.21_pmcrop_image16673.png"/>
      <file href="images/shape10857.png"/>
      <file href="images/shape5926.png"/>
      <file href="images/shape6013.png"/>
      <file href="images/shape7681.png"/>
      <file href="images/shape7722.png"/>
      <file href="images/screenshot_2024-06-10_at_2.26.29_pmcrop_image16680.png"/>
      <file href="images/shape10857.png"/>
      <file href="images/shape5926.png"/>
      <file href="images/shape6013.png"/>
      <file href="images/shape7681.png"/>
      <file href="images/shape7722.png"/>
      <file href="images/screenshot_2024-06-10_at_2.26.36_pmcrop_image16687.png"/>
      <file href="images/shape10857.png"/>
      <file href="images/shape5926.png"/>
      <file href="images/shape6013.png"/>
      <file href="images/shape7681.png"/>
      <file href="images/shape7722.png"/>
      <file href="images/shape10857.png"/>
      <file href="images/shape5926.png"/>
      <file href="images/shape6013.png"/>
      <file href="images/shape7681.png"/>
      <file href="images/shape7722.png"/>
      <file href="images/types-of-information-to-disseminate-1024x683.jpg"/>
      <file href="images/shape10857.png"/>
      <file href="images/shape5926.png"/>
      <file href="images/shape6013.png"/>
      <file href="images/shape7681.png"/>
      <file href="images/shape7722.png"/>
      <file href="images/shape10857.png"/>
      <file href="images/shape5926.png"/>
      <file href="images/shape6013.png"/>
      <file href="images/shape7681.png"/>
      <file href="images/shape7722.png"/>
      <file href="images/text14071CircleBulletFont12.png"/>
      <file href="images/text14071CircleBulletFont10.png"/>
      <file href="images/text14071CircleBulletFont15.png"/>
      <file href="images/shape10857.png"/>
      <file href="images/shape5926.png"/>
      <file href="images/shape6013.png"/>
      <file href="images/shape7681.png"/>
      <file href="images/shape7722.png"/>
      <file href="images/shape10857.png"/>
      <file href="images/shape5926.png"/>
      <file href="images/shape6013.png"/>
      <file href="images/shape7681.png"/>
      <file href="images/shape7722.png"/>
      <file href="images/shape10857.png"/>
      <file href="images/shape5926.png"/>
      <file href="images/shape6013.png"/>
      <file href="images/shape7681.png"/>
      <file href="images/shape7722.png"/>
      <file href="images/text14165ArrowBulletFont14.png"/>
      <file href="images/text14165CircleBulletFont10.png"/>
      <file href="images/shape10857.png"/>
      <file href="images/shape5926.png"/>
      <file href="images/shape6013.png"/>
      <file href="images/shape7681.png"/>
      <file href="images/shape7722.png"/>
      <file href="images/shape10857.png"/>
      <file href="images/shape5926.png"/>
      <file href="images/shape6013.png"/>
      <file href="images/shape7681.png"/>
      <file href="images/shape7722.png"/>
    </resource>
    <resource identifier="F_6304" type="webcontent" adlcp:scormtype="asset">
      <file href="a001_toc6304.html"/>
    </resource>
    <resource identifier="S_TransButton" type="webcontent" adlcp:scormtype="asset">
      <file href="images/transbtn.gif"/>
    </resource>
    <resource identifier="S_TOCIcons" type="webcontent" adlcp:scormtype="asset">
      <file href="images/tocauicon.gif"/>
      <file href="images/tocchapicon.gif"/>
      <file href="images/tocpageicon.gif"/>
      <file href="images/tocquesicon.gif"/>
      <file href="images/tocsecticon.gif"/>
      <file href="images/toctesticon.gif"/>
      <file href="images/toctestsecticon.gif"/>
      <file href="images/tocsurveyicon.gif"/>
    </resource>
    <resource identifier="S_TOCFiles" type="webcontent" adlcp:scormtype="asset">
      <file href="images/ftb.gif"/>
      <file href="images/ftfn.gif"/>
      <file href="images/ftln.gif"/>
      <file href="images/ftmfn.gif"/>
      <file href="images/ftmln.gif"/>
      <file href="images/ftmn.gif"/>
      <file href="images/ftn.gif"/>
      <file href="images/ftpfn.gif"/>
      <file href="images/ftpln.gif"/>
      <file href="images/ftpn.gif"/>
      <file href="images/ftvl.gif"/>
    </resource>
    <resource identifier="S_DLGFiles" type="webcontent" adlcp:scormtype="asset">
      <file href="images/dlg-titlebar.gif"/>
      <file href="images/dlg-close.gif"/>
      <file href="images/dlg-resize.gif"/>
    </resource>
    <resource identifier="S_ScrollFiles" type="webcontent" adlcp:scormtype="asset">
      <file href="images/scroll-bgh.gif"/>
      <file href="images/scroll-bgv.gif"/>
      <file href="images/scroll-boxh.gif"/>
      <file href="images/scroll-boxv.gif"/>
      <file href="images/scroll-corner.gif"/>
      <file href="images/scroll-dn0.gif"/>
      <file href="images/scroll-dn1.gif"/>
      <file href="images/scroll-lt0.gif"/>
      <file href="images/scroll-lt1.gif"/>
      <file href="images/scroll-rt0.gif"/>
      <file href="images/scroll-rt1.gif"/>
      <file href="images/scroll-up0.gif"/>
      <file href="images/scroll-up1.gif"/>
    </resource>
    <resource identifier="S_SCORMFiles" type="webcontent" adlcp:scormtype="asset">
      <file href="apiwrapper11.js"/>
      <file href="scofunctions.js"/>
    </resource>
    <resource identifier="S_BaseFiles" type="webcontent" adlcp:scormtype="asset">
      <file href="trivantis.css"/>
      <file href="dialog.css"/>
      <file href="trivantis.js"/>
      <file href="es6-promise-2.0.0.min.js"/>
      <file href="trivantis-timedate.js"/>
      <file href="trivantis-pagetracking.js"/>
      <file href="trivantis-pageplayer.js"/>
      <file href="trivantis-opautils.js"/>
      <file href="media/blank.mp4"/>
      <file href="trivantis-cookie.js"/>
      <file href="trivantis-dialog.js"/>
      <file href="trivantis-button.js"/>
      <file href="trivantis-image.js"/>
      <file href="trivantis-scroll.js"/>
      <file href="trivantis-inline.js"/>
      <file href="hammer.js"/>
      <file href="trivantis-text.js"/>
      <file href="trivantis-tocs.js"/>
      <file href="trivantis-trans.js"/>
      <file href="trivantis-progress.js"/>
      <file href="enc.js"/>
      <file href="trivantis-strings.js"/>
      <file href="trivantis-titlemgr-interact.js"/>
    </resource>
  </resources>

</manifest>
